numero_pedido,cliente_id,fecha_entrega,estado,zona_id,requiere_refrigeracion
P0001,CLI-123,2025-12-10,PENDIENTE,ZONA1,true
P0002,CLI-123,2025-12-10,PENDIENTE,ZONA1,true
P0003,CLI-123,2025-12-10,PENDIENTE,ZONA1,true
P0004,CLI-123,2025-12-10,PENDIENTE,ZONA1,true
P0005,CLI-123,2025-12-10,PENDIENTE,ZONA1,true
P0006,CLI-123,2025-12-10,PENDIENTE,ZONA1,true
P0007,CLI-123,2025-12-10,PENDIENTE,ZONA1,true
P0008,CLI-123,2025-12-10,PENDIENTE,ZONA1,true
P0009,CLI-123,2025-12-10,PENDIENTE,ZONA1,true
P0010,CLI-123,2025-12-10,PENDIENTE,ZONA1,true
P0011,CLI-123,2025-12-10,PENDIENTE,ZONA1,true
P0012,CLI-123,2025-12-10,PENDIENTE,ZONA1,true
P0013,CLI-123,2025-12-10,PENDIENTE,ZONA1,true
P0014,CLI-123,2025-12-10,PENDIENTE,ZONA1,true
P0015,CLI-123,2025-12-10,PENDIENTE,ZONA1,true
P0016,CLI-123,2025-12-10,PENDIENTE,ZONA1,true
P0017,CLI-123,2025-12-10,PENDIENTE,ZONA1,true
P0018,CLI-123,2025-12-10,PENDIENTE,ZONA1,true
P0019,CLI-123,2025-12-10,PENDIENTE,ZONA1,true
P0020,CLI-123,2025-12-10,PENDIENTE,ZONA1,true
P0021,CLI-123,2025-12-10,PENDIENTE,ZONA1,true
P0022,CLI-123,2025-12-10,PENDIENTE,ZONA1,true
P0023,CLI-123,2025-12-10,PENDIENTE,ZONA1,true
P0024,CLI-123,2025-12-10,PENDIENTE,ZONA1,true
P0025,CLI-123,2025-12-10,PENDIENTE,ZONA1,true
P0026,CLI-123,2025-12-10,PENDIENTE,ZONA1,true
P0027,CLI-123,2025-12-10,PENDIENTE,ZONA1,true
P0028,CLI-123,2025-12-10,PENDIENTE,ZONA1,true
P0029,CLI-123,2025-12-10,PENDIENTE,ZONA1,true
P0030,CLI-123,2025-12-10,PENDIENTE,ZONA1,true
P0031,CLI-123,2025-12-10,PENDIENTE,ZONA1,true
P0032,CLI-123,2025-12-10,PENDIENTE,ZONA1,true
P0033,CLI-123,2025-12-10,PENDIENTE,ZONA1,true
P0034,CLI-123,2025-12-10,PENDIENTE,ZONA1,true
P0035,CLI-123,2025-12-10,PENDIENTE,ZONA1,true
P0036,CLI-123,2025-12-10,PENDIENTE,ZONA1,true
P0037,CLI-123,2025-12-10,PENDIENTE,ZONA1,true
P0038,CLI-123,2025-12-10,PENDIENTE,ZONA1,true
P0039,CLI-123,2025-12-10,PENDIENTE,ZONA1,true
P0040,CLI-123,2025-12-10,PENDIENTE,ZONA1,true
P0041,CLI-123,2025-12-10,PENDIENTE,ZONA1,true
P0042,CLI-123,2025-12-10,PENDIENTE,ZONA1,true
P0043,CLI-123,2025-12-10,PENDIENTE,ZONA1,true
P0044,CLI-123,2025-12-10,PENDIENTE,ZONA1,true
P0045,CLI-123,2025-12-10,PENDIENTE,ZONA1,true
P0046,CLI-123,2025-12-10,PENDIENTE,ZONA1,true
P0047,CLI-123,2025-12-10,PENDIENTE,ZONA1,true
P0048,CLI-123,2025-12-10,PENDIENTE,ZONA1,true
P0049,CLI-123,2025-12-10,PENDIENTE,ZONA1,true
P0050,CLI-123,2025-12-10,PENDIENTE,ZONA1,true
P0051,CLI-123,2025-12-10,PENDIENTE,ZONA1,true
P0052,CLI-123,2025-12-10,PENDIENTE,ZONA1,true
P0053,CLI-123,2025-12-10,PENDIENTE,ZONA1,true
P0054,CLI-123,2025-12-10,PENDIENTE,ZONA1,true
P0055,CLI-123,2025-12-10,PENDIENTE,ZONA1,true
P0056,CLI-123,2025-12-10,PENDIENTE,ZONA1,true
P0057,CLI-123,2025-12-10,PENDIENTE,ZONA1,true
P0058,CLI-123,2025-12-10,PENDIENTE,ZONA1,true
P0059,CLI-123,2025-12-10,PENDIENTE,ZONA1,true
P0060,CLI-123,2025-12-10,PENDIENTE,ZONA1,true
P0061,CLI-123,2025-12-10,PENDIENTE,ZONA1,true
P0062,CLI-123,2025-12-10,PENDIENTE,ZONA1,true
P0063,CLI-123,2025-12-10,PENDIENTE,ZONA1,true
P0064,CLI-123,2025-12-10,PENDIENTE,ZONA1,true
P0065,CLI-123,2025-12-10,PENDIENTE,ZONA1,true
P0066,CLI-123,2025-12-10,PENDIENTE,ZONA1,true
P0067,CLI-123,2025-12-10,PENDIENTE,ZONA1,true
P0068,CLI-123,2025-12-10,PENDIENTE,ZONA1,true
P0069,CLI-123,2025-12-10,PENDIENTE,ZONA1,true
P0070,CLI-123,2025-12-10,PENDIENTE,ZONA1,true
P0071,CLI-123,2025-12-10,PENDIENTE,ZONA1,true
P0072,CLI-123,2025-12-10,PENDIENTE,ZONA1,true
P0073,CLI-123,2025-12-10,PENDIENTE,ZONA1,true
P0074,CLI-123,2025-12-10,PENDIENTE,ZONA1,true
P0075,CLI-123,2025-12-10,PENDIENTE,ZONA1,true
P0076,CLI-123,2025-12-10,PENDIENTE,ZONA1,true
P0077,CLI-123,2025-12-10,PENDIENTE,ZONA1,true
P0078,CLI-123,2025-12-10,PENDIENTE,ZONA1,true
P0079,CLI-123,2025-12-10,PENDIENTE,ZONA1,true
P0080,CLI-123,2025-12-10,PENDIENTE,ZONA1,true
P0081,CLI-123,2025-12-10,PENDIENTE,ZONA1,true
P0082,CLI-123,2025-12-10,PENDIENTE,ZONA1,true
P0083,CLI-123,2025-12-10,PENDIENTE,ZONA1,true
P0084,CLI-123,2025-12-10,PENDIENTE,ZONA1,true
P0085,CLI-123,2025-12-10,PENDIENTE,ZONA1,true
P0086,CLI-123,2025-12-10,PENDIENTE,ZONA1,true
P0087,CLI-123,2025-12-10,PENDIENTE,ZONA1,true
P0088,CLI-123,2025-12-10,PENDIENTE,ZONA1,true
P0089,CLI-123,2025-12-10,PENDIENTE,ZONA1,true
P0090,CLI-123,2025-12-10,PENDIENTE,ZONA1,true
P0091,CLI-123,2025-12-10,PENDIENTE,ZONA1,true
P0092,CLI-123,2025-12-10,PENDIENTE,ZONA1,true
P0093,CLI-123,2025-12-10,PENDIENTE,ZONA1,true
P0094,CLI-123,2025-12-10,PENDIENTE,ZONA1,true
P0095,CLI-123,2025-12-10,PENDIENTE,ZONA1,true
P0096,CLI-123,2025-12-10,PENDIENTE,ZONA1,true
P0097,CLI-123,2025-12-10,PENDIENTE,ZONA1,true
P0098,CLI-123,2025-12-10,PENDIENTE,ZONA1,true
P0099,CLI-123,2025-12-10,PENDIENTE,ZONA1,true
P0100,CLI-123,2025-12-10,PENDIENTE,ZONA1,true
P0101,CLI-123,2025-12-10,PENDIENTE,ZONA1,true
P0102,CLI-123,2025-12-10,PENDIENTE,ZONA1,true
P0103,CLI-123,2025-12-10,PENDIENTE,ZONA1,true
P0104,CLI-123,2025-12-10,PENDIENTE,ZONA1,true
P0105,CLI-123,2025-12-10,PENDIENTE,ZONA1,true
P0106,CLI-123,2025-12-10,PENDIENTE,ZONA1,true
P0107,CLI-123,2025-12-10,PENDIENTE,ZONA1,true
P0108,CLI-123,2025-12-10,PENDIENTE,ZONA1,true
P0109,CLI-123,2025-12-10,PENDIENTE,ZONA1,true
P0110,CLI-123,2025-12-10,PENDIENTE,ZONA1,true
P0111,CLI-123,2025-12-10,PENDIENTE,ZONA1,true
P0112,CLI-123,2025-12-10,PENDIENTE,ZONA1,true
P0113,CLI-123,2025-12-10,PENDIENTE,ZONA1,true
P0114,CLI-123,2025-12-10,PENDIENTE,ZONA1,true
P0115,CLI-123,2025-12-10,PENDIENTE,ZONA1,true
P0116,CLI-123,2025-12-10,PENDIENTE,ZONA1,true
P0117,CLI-123,2025-12-10,PENDIENTE,ZONA1,true
P0118,CLI-123,2025-12-10,PENDIENTE,ZONA1,true
P0119,CLI-123,2025-12-10,PENDIENTE,ZONA1,true
P0120,CLI-123,2025-12-10,PENDIENTE,ZONA1,true
P0121,CLI-123,2025-12-10,PENDIENTE,ZONA1,true
P0122,CLI-123,2025-12-10,PENDIENTE,ZONA1,true
P0123,CLI-123,2025-12-10,PENDIENTE,ZONA1,true
P0124,CLI-123,2025-12-10,PENDIENTE,ZONA1,true
P0125,CLI-123,2025-12-10,PENDIENTE,ZONA1,true
P0126,CLI-123,2025-12-10,PENDIENTE,ZONA1,true
P0127,CLI-123,2025-12-10,PENDIENTE,ZONA1,true
P0128,CLI-123,2025-12-10,PENDIENTE,ZONA1,true
P0129,CLI-123,2025-12-10,PENDIENTE,ZONA1,true
P0130,CLI-123,2025-12-10,PENDIENTE,ZONA1,true
P0131,CLI-123,2025-12-10,PENDIENTE,ZONA1,true
P0132,CLI-123,2025-12-10,PENDIENTE,ZONA1,true
P0133,CLI-123,2025-12-10,PENDIENTE,ZONA1,true
P0134,CLI-123,2025-12-10,PENDIENTE,ZONA1,true
P0135,CLI-123,2025-12-10,PENDIENTE,ZONA1,true
P0136,CLI-123,2025-12-10,PENDIENTE,ZONA1,true
P0137,CLI-123,2025-12-10,PENDIENTE,ZONA1,true
P0138,CLI-123,2025-12-10,PENDIENTE,ZONA1,true
P0139,CLI-123,2025-12-10,PENDIENTE,ZONA1,true
P0140,CLI-123,2025-12-10,PENDIENTE,ZONA1,true
P0141,CLI-123,2025-12-10,PENDIENTE,ZONA1,true
P0142,CLI-123,2025-12-10,PENDIENTE,ZONA1,true
P0143,CLI-123,2025-12-10,PENDIENTE,ZONA1,true
P0144,CLI-123,2025-12-10,PENDIENTE,ZONA1,true
P0145,CLI-123,2025-12-10,PENDIENTE,ZONA1,true
P0146,CLI-123,2025-12-10,PENDIENTE,ZONA1,true
P0147,CLI-123,2025-12-10,PENDIENTE,ZONA1,true
P0148,CLI-123,2025-12-10,PENDIENTE,ZONA1,true
P0149,CLI-123,2025-12-10,PENDIENTE,ZONA1,true
P0150,CLI-123,2025-12-10,PENDIENTE,ZONA1,true
P0151,CLI-123,2025-12-10,PENDIENTE,ZONA1,true
P0152,CLI-123,2025-12-10,PENDIENTE,ZONA1,true
P0153,CLI-123,2025-12-10,PENDIENTE,ZONA1,true
P0154,CLI-123,2025-12-10,PENDIENTE,ZONA1,true
P0155,CLI-123,2025-12-10,PENDIENTE,ZONA1,true
P0156,CLI-123,2025-12-10,PENDIENTE,ZONA1,true
P0157,CLI-123,2025-12-10,PENDIENTE,ZONA1,true
P0158,CLI-123,2025-12-10,PENDIENTE,ZONA1,true
P0159,CLI-123,2025-12-10,PENDIENTE,ZONA1,true
P0160,CLI-123,2025-12-10,PENDIENTE,ZONA1,true
P0161,CLI-123,2025-12-10,PENDIENTE,ZONA1,true
P0162,CLI-123,2025-12-10,PENDIENTE,ZONA1,true
P0163,CLI-123,2025-12-10,PENDIENTE,ZONA1,true
P0164,CLI-123,2025-12-10,PENDIENTE,ZONA1,true
P0165,CLI-123,2025-12-10,PENDIENTE,ZONA1,true
P0166,CLI-123,2025-12-10,PENDIENTE,ZONA1,true
P0167,CLI-123,2025-12-10,PENDIENTE,ZONA1,true
P0168,CLI-123,2025-12-10,PENDIENTE,ZONA1,true
P0169,CLI-123,2025-12-10,PENDIENTE,ZONA1,true
P0170,CLI-123,2025-12-10,PENDIENTE,ZONA1,true
P0171,CLI-123,2025-12-10,PENDIENTE,ZONA1,true
P0172,CLI-123,2025-12-10,PENDIENTE,ZONA1,true
P0173,CLI-123,2025-12-10,PENDIENTE,ZONA1,true
P0174,CLI-123,2025-12-10,PENDIENTE,ZONA1,true
P0175,CLI-123,2025-12-10,PENDIENTE,ZONA1,true
P0176,CLI-123,2025-12-10,PENDIENTE,ZONA1,true
P0177,CLI-123,2025-12-10,PENDIENTE,ZONA1,true
P0178,CLI-123,2025-12-10,PENDIENTE,ZONA1,true
P0179,CLI-123,2025-12-10,PENDIENTE,ZONA1,true
P0180,CLI-123,2025-12-10,PENDIENTE,ZONA1,true
P0181,CLI-123,2025-12-10,PENDIENTE,ZONA1,true
P0182,CLI-123,2025-12-10,PENDIENTE,ZONA1,true
P0183,CLI-123,2025-12-10,PENDIENTE,ZONA1,true
P0184,CLI-123,2025-12-10,PENDIENTE,ZONA1,true
P0185,CLI-123,2025-12-10,PENDIENTE,ZONA1,true
P0186,CLI-123,2025-12-10,PENDIENTE,ZONA1,true
P0187,CLI-123,2025-12-10,PENDIENTE,ZONA1,true
P0188,CLI-123,2025-12-10,PENDIENTE,ZONA1,true
P0189,CLI-123,2025-12-10,PENDIENTE,ZONA1,true
P0190,CLI-123,2025-12-10,PENDIENTE,ZONA1,true
P0191,CLI-123,2025-12-10,PENDIENTE,ZONA1,true
P0192,CLI-123,2025-12-10,PENDIENTE,ZONA1,true
P0193,CLI-123,2025-12-10,PENDIENTE,ZONA1,true
P0194,CLI-123,2025-12-10,PENDIENTE,ZONA1,true
P0195,CLI-123,2025-12-10,PENDIENTE,ZONA1,true
P0196,CLI-123,2025-12-10,PENDIENTE,ZONA1,true
P0197,CLI-123,2025-12-10,PENDIENTE,ZONA1,true
P0198,CLI-123,2025-12-10,PENDIENTE,ZONA1,true
P0199,CLI-123,2025-12-10,PENDIENTE,ZONA1,true
P0200,CLI-123,2025-12-10,PENDIENTE,ZONA1,true
P0201,CLI-123,2025-12-10,PENDIENTE,ZONA1,true
P0202,CLI-123,2025-12-10,PENDIENTE,ZONA1,true
P0203,CLI-123,2025-12-10,PENDIENTE,ZONA1,true
P0204,CLI-123,2025-12-10,PENDIENTE,ZONA1,true
P0205,CLI-123,2025-12-10,PENDIENTE,ZONA1,true
P0206,CLI-123,2025-12-10,PENDIENTE,ZONA1,true
P0207,CLI-123,2025-12-10,PENDIENTE,ZONA1,true
P0208,CLI-123,2025-12-10,PENDIENTE,ZONA1,true
P0209,CLI-123,2025-12-10,PENDIENTE,ZONA1,true
P0210,CLI-123,2025-12-10,PENDIENTE,ZONA1,true
P0211,CLI-123,2025-12-10,PENDIENTE,ZONA1,true
P0212,CLI-123,2025-12-10,PENDIENTE,ZONA1,true
P0213,CLI-123,2025-12-10,PENDIENTE,ZONA1,true
P0214,CLI-123,2025-12-10,PENDIENTE,ZONA1,true
P0215,CLI-123,2025-12-10,PENDIENTE,ZONA1,true
P0216,CLI-123,2025-12-10,PENDIENTE,ZONA1,true
P0217,CLI-123,2025-12-10,PENDIENTE,ZONA1,true
P0218,CLI-123,2025-12-10,PENDIENTE,ZONA1,true
P0219,CLI-123,2025-12-10,PENDIENTE,ZONA1,true
P0220,CLI-123,2025-12-10,PENDIENTE,ZONA1,true
P0221,CLI-123,2025-12-10,PENDIENTE,ZONA1,true
P0222,CLI-123,2025-12-10,PENDIENTE,ZONA1,true
P0223,CLI-123,2025-12-10,PENDIENTE,ZONA1,true
P0224,CLI-123,2025-12-10,PENDIENTE,ZONA1,true
P0225,CLI-123,2025-12-10,PENDIENTE,ZONA1,true
P0226,CLI-123,2025-12-10,PENDIENTE,ZONA1,true
P0227,CLI-123,2025-12-10,PENDIENTE,ZONA1,true
P0228,CLI-123,2025-12-10,PENDIENTE,ZONA1,true
P0229,CLI-123,2025-12-10,PENDIENTE,ZONA1,true
P0230,CLI-123,2025-12-10,PENDIENTE,ZONA1,true
P0231,CLI-123,2025-12-10,PENDIENTE,ZONA1,true
P0232,CLI-123,2025-12-10,PENDIENTE,ZONA1,true
P0233,CLI-123,2025-12-10,PENDIENTE,ZONA1,true
P0234,CLI-123,2025-12-10,PENDIENTE,ZONA1,true
P0235,CLI-123,2025-12-10,PENDIENTE,ZONA1,true
P0236,CLI-123,2025-12-10,PENDIENTE,ZONA1,true
P0237,CLI-123,2025-12-10,PENDIENTE,ZONA1,true
P0238,CLI-123,2025-12-10,PENDIENTE,ZONA1,true
P0239,CLI-123,2025-12-10,PENDIENTE,ZONA1,true
P0240,CLI-123,2025-12-10,PENDIENTE,ZONA1,true
P0241,CLI-123,2025-12-10,PENDIENTE,ZONA1,true
P0242,CLI-123,2025-12-10,PENDIENTE,ZONA1,true
P0243,CLI-123,2025-12-10,PENDIENTE,ZONA1,true
P0244,CLI-123,2025-12-10,PENDIENTE,ZONA1,true
P0245,CLI-123,2025-12-10,PENDIENTE,ZONA1,true
P0246,CLI-123,2025-12-10,PENDIENTE,ZONA1,true
P0247,CLI-123,2025-12-10,PENDIENTE,ZONA1,true
P0248,CLI-123,2025-12-10,PENDIENTE,ZONA1,true
P0249,CLI-123,2025-12-10,PENDIENTE,ZONA1,true
P0250,CLI-123,2025-12-10,PENDIENTE,ZONA1,true
P0251,CLI-123,2025-12-10,PENDIENTE,ZONA1,true
P0252,CLI-123,2025-12-10,PENDIENTE,ZONA1,true
P0253,CLI-123,2025-12-10,PENDIENTE,ZONA1,true
P0254,CLI-123,2025-12-10,PENDIENTE,ZONA1,true
P0255,CLI-123,2025-12-10,PENDIENTE,ZONA1,true
P0256,CLI-123,2025-12-10,PENDIENTE,ZONA1,true
P0257,CLI-123,2025-12-10,PENDIENTE,ZONA1,true
P0258,CLI-123,2025-12-10,PENDIENTE,ZONA1,true
P0259,CLI-123,2025-12-10,PENDIENTE,ZONA1,true
P0260,CLI-123,2025-12-10,PENDIENTE,ZONA1,true
P0261,CLI-123,2025-12-10,PENDIENTE,ZONA1,true
P0262,CLI-123,2025-12-10,PENDIENTE,ZONA1,true
P0263,CLI-123,2025-12-10,PENDIENTE,ZONA1,true
P0264,CLI-123,2025-12-10,PENDIENTE,ZONA1,true
P0265,CLI-123,2025-12-10,PENDIENTE,ZONA1,true
P0266,CLI-123,2025-12-10,PENDIENTE,ZONA1,true
P0267,CLI-123,2025-12-10,PENDIENTE,ZONA1,true
P0268,CLI-123,2025-12-10,PENDIENTE,ZONA1,true
P0269,CLI-123,2025-12-10,PENDIENTE,ZONA1,true
P0270,CLI-123,2025-12-10,PENDIENTE,ZONA1,true
P0271,CLI-123,2025-12-10,PENDIENTE,ZONA1,true
P0272,CLI-123,2025-12-10,PENDIENTE,ZONA1,true
P0273,CLI-123,2025-12-10,PENDIENTE,ZONA1,true
P0274,CLI-123,2025-12-10,PENDIENTE,ZONA1,true
P0275,CLI-123,2025-12-10,PENDIENTE,ZONA1,true
P0276,CLI-123,2025-12-10,PENDIENTE,ZONA1,true
P0277,CLI-123,2025-12-10,PENDIENTE,ZONA1,true
P0278,CLI-123,2025-12-10,PENDIENTE,ZONA1,true
P0279,CLI-123,2025-12-10,PENDIENTE,ZONA1,true
P0280,CLI-123,2025-12-10,PENDIENTE,ZONA1,true
P0281,CLI-123,2025-12-10,PENDIENTE,ZONA1,true
P0282,CLI-123,2025-12-10,PENDIENTE,ZONA1,true
P0283,CLI-123,2025-12-10,PENDIENTE,ZONA1,true
P0284,CLI-123,2025-12-10,PENDIENTE,ZONA1,true
P0285,CLI-123,2025-12-10,PENDIENTE,ZONA1,true
P0286,CLI-123,2025-12-10,PENDIENTE,ZONA1,true
P0287,CLI-123,2025-12-10,PENDIENTE,ZONA1,true
P0288,CLI-123,2025-12-10,PENDIENTE,ZONA1,true
P0289,CLI-123,2025-12-10,PENDIENTE,ZONA1,true
P0290,CLI-123,2025-12-10,PENDIENTE,ZONA1,true
P0291,CLI-123,2025-12-10,PENDIENTE,ZONA1,true
P0292,CLI-123,2025-12-10,PENDIENTE,ZONA1,true
P0293,CLI-123,2025-12-10,PENDIENTE,ZONA1,true
P0294,CLI-123,2025-12-10,PENDIENTE,ZONA1,true
P0295,CLI-123,2025-12-10,PENDIENTE,ZONA1,true
P0296,CLI-123,2025-12-10,PENDIENTE,ZONA1,true
P0297,CLI-123,2025-12-10,PENDIENTE,ZONA1,true
P0298,CLI-123,2025-12-10,PENDIENTE,ZONA1,true
P0299,CLI-123,2025-12-10,PENDIENTE,ZONA1,true
P0300,CLI-123,2025-12-10,PENDIENTE,ZONA1,true
P0301,CLI-123,2025-12-10,PENDIENTE,ZONA1,true
P0302,CLI-123,2025-12-10,PENDIENTE,ZONA1,true
P0303,CLI-123,2025-12-10,PENDIENTE,ZONA1,true
P0304,CLI-123,2025-12-10,PENDIENTE,ZONA1,true
P0305,CLI-123,2025-12-10,PENDIENTE,ZONA1,true
P0306,CLI-123,2025-12-10,PENDIENTE,ZONA1,true
P0307,CLI-123,2025-12-10,PENDIENTE,ZONA1,true
P0308,CLI-123,2025-12-10,PENDIENTE,ZONA1,true
P0309,CLI-123,2025-12-10,PENDIENTE,ZONA1,true
P0310,CLI-123,2025-12-10,PENDIENTE,ZONA1,true
P0311,CLI-123,2025-12-10,PENDIENTE,ZONA1,true
P0312,CLI-123,2025-12-10,PENDIENTE,ZONA1,true
P0313,CLI-123,2025-12-10,PENDIENTE,ZONA1,true
P0314,CLI-123,2025-12-10,PENDIENTE,ZONA1,true
P0315,CLI-123,2025-12-10,PENDIENTE,ZONA1,true
P0316,CLI-123,2025-12-10,PENDIENTE,ZONA1,true
P0317,CLI-123,2025-12-10,PENDIENTE,ZONA1,true
P0318,CLI-123,2025-12-10,PENDIENTE,ZONA1,true
P0319,CLI-123,2025-12-10,PENDIENTE,ZONA1,true
P0320,CLI-123,2025-12-10,PENDIENTE,ZONA1,true
P0321,CLI-123,2025-12-10,PENDIENTE,ZONA1,true
P0322,CLI-123,2025-12-10,PENDIENTE,ZONA1,true
P0323,CLI-123,2025-12-10,PENDIENTE,ZONA1,true
P0324,CLI-123,2025-12-10,PENDIENTE,ZONA1,true
P0325,CLI-123,2025-12-10,PENDIENTE,ZONA1,true
P0326,CLI-123,2025-12-10,PENDIENTE,ZONA1,true
P0327,CLI-123,2025-12-10,PENDIENTE,ZONA1,true
P0328,CLI-123,2025-12-10,PENDIENTE,ZONA1,true
P0329,CLI-123,2025-12-10,PENDIENTE,ZONA1,true
P0330,CLI-123,2025-12-10,PENDIENTE,ZONA1,true
P0331,CLI-123,2025-12-10,PENDIENTE,ZONA1,true
P0332,CLI-123,2025-12-10,PENDIENTE,ZONA1,true
P0333,CLI-123,2025-12-10,PENDIENTE,ZONA1,true
P0334,CLI-123,2025-12-10,PENDIENTE,ZONA1,true
P0335,CLI-123,2025-12-10,PENDIENTE,ZONA1,true
P0336,CLI-123,2025-12-10,PENDIENTE,ZONA1,true
P0337,CLI-123,2025-12-10,PENDIENTE,ZONA1,true
P0338,CLI-123,2025-12-10,PENDIENTE,ZONA1,true
P0339,CLI-123,2025-12-10,PENDIENTE,ZONA1,true
P0340,CLI-123,2025-12-10,PENDIENTE,ZONA1,true
P0341,CLI-123,2025-12-10,PENDIENTE,ZONA1,true
P0342,CLI-123,2025-12-10,PENDIENTE,ZONA1,true
P0343,CLI-123,2025-12-10,PENDIENTE,ZONA1,true
P0344,CLI-123,2025-12-10,PENDIENTE,ZONA1,true
P0345,CLI-123,2025-12-10,PENDIENTE,ZONA1,true
P0346,CLI-123,2025-12-10,PENDIENTE,ZONA1,true
P0347,CLI-123,2025-12-10,PENDIENTE,ZONA1,true
P0348,CLI-123,2025-12-10,PENDIENTE,ZONA1,true
P0349,CLI-123,2025-12-10,PENDIENTE,ZONA1,true
P0350,CLI-123,2025-12-10,PENDIENTE,ZONA1,true
P0351,CLI-123,2025-12-10,PENDIENTE,ZONA1,true
P0352,CLI-123,2025-12-10,PENDIENTE,ZONA1,true
P0353,CLI-123,2025-12-10,PENDIENTE,ZONA1,true
P0354,CLI-123,2025-12-10,PENDIENTE,ZONA1,true
P0355,CLI-123,2025-12-10,PENDIENTE,ZONA1,true
P0356,CLI-123,2025-12-10,PENDIENTE,ZONA1,true
P0357,CLI-123,2025-12-10,PENDIENTE,ZONA1,true
P0358,CLI-123,2025-12-10,PENDIENTE,ZONA1,true
P0359,CLI-123,2025-12-10,PENDIENTE,ZONA1,true
P0360,CLI-123,2025-12-10,PENDIENTE,ZONA1,true
P0361,CLI-123,2025-12-10,PENDIENTE,ZONA1,true
P0362,CLI-123,2025-12-10,PENDIENTE,ZONA1,true
P0363,CLI-123,2025-12-10,PENDIENTE,ZONA1,true
P0364,CLI-123,2025-12-10,PENDIENTE,ZONA1,true
P0365,CLI-123,2025-12-10,PENDIENTE,ZONA1,true
P0366,CLI-123,2025-12-10,PENDIENTE,ZONA1,true
P0367,CLI-123,2025-12-10,PENDIENTE,ZONA1,true
P0368,CLI-123,2025-12-10,PENDIENTE,ZONA1,true
P0369,CLI-123,2025-12-10,PENDIENTE,ZONA1,true
P0370,CLI-123,2025-12-10,PENDIENTE,ZONA1,true
P0371,CLI-123,2025-12-10,PENDIENTE,ZONA1,true
P0372,CLI-123,2025-12-10,PENDIENTE,ZONA1,true
P0373,CLI-123,2025-12-10,PENDIENTE,ZONA1,true
P0374,CLI-123,2025-12-10,PENDIENTE,ZONA1,true
P0375,CLI-123,2025-12-10,PENDIENTE,ZONA1,true
P0376,CLI-123,2025-12-10,PENDIENTE,ZONA1,true
P0377,CLI-123,2025-12-10,PENDIENTE,ZONA1,true
P0378,CLI-123,2025-12-10,PENDIENTE,ZONA1,true
P0379,CLI-123,2025-12-10,PENDIENTE,ZONA1,true
P0380,CLI-123,2025-12-10,PENDIENTE,ZONA1,true
P0381,CLI-123,2025-12-10,PENDIENTE,ZONA1,true
P0382,CLI-123,2025-12-10,PENDIENTE,ZONA1,true
P0383,CLI-123,2025-12-10,PENDIENTE,ZONA1,true
P0384,CLI-123,2025-12-10,PENDIENTE,ZONA1,true
P0385,CLI-123,2025-12-10,PENDIENTE,ZONA1,true
P0386,CLI-123,2025-12-10,PENDIENTE,ZONA1,true
P0387,CLI-123,2025-12-10,PENDIENTE,ZONA1,true
P0388,CLI-123,2025-12-10,PENDIENTE,ZONA1,true
P0389,CLI-123,2025-12-10,PENDIENTE,ZONA1,true
P0390,CLI-123,2025-12-10,PENDIENTE,ZONA1,true
P0391,CLI-123,2025-12-10,PENDIENTE,ZONA1,true
P0392,CLI-123,2025-12-10,PENDIENTE,ZONA1,true
P0393,CLI-123,2025-12-10,PENDIENTE,ZONA1,true
P0394,CLI-123,2025-12-10,PENDIENTE,ZONA1,true
P0395,CLI-123,2025-12-10,PENDIENTE,ZONA1,true
P0396,CLI-123,2025-12-10,PENDIENTE,ZONA1,true
P0397,CLI-123,2025-12-10,PENDIENTE,ZONA1,true
P0398,CLI-123,2025-12-10,PENDIENTE,ZONA1,true
P0399,CLI-123,2025-12-10,PENDIENTE,ZONA1,true
P0400,CLI-123,2025-12-10,PENDIENTE,ZONA1,true
P0401,CLI-123,2025-12-10,PENDIENTE,ZONA1,true
P0402,CLI-123,2025-12-10,PENDIENTE,ZONA1,true
P0403,CLI-123,2025-12-10,PENDIENTE,ZONA1,true
P0404,CLI-123,2025-12-10,PENDIENTE,ZONA1,true
P0405,CLI-123,2025-12-10,PENDIENTE,ZONA1,true
P0406,CLI-123,2025-12-10,PENDIENTE,ZONA1,true
P0407,CLI-123,2025-12-10,PENDIENTE,ZONA1,true
P0408,CLI-123,2025-12-10,PENDIENTE,ZONA1,true
P0409,CLI-123,2025-12-10,PENDIENTE,ZONA1,true
P0410,CLI-123,2025-12-10,PENDIENTE,ZONA1,true
P0411,CLI-123,2025-12-10,PENDIENTE,ZONA1,true
P0412,CLI-123,2025-12-10,PENDIENTE,ZONA1,true
P0413,CLI-123,2025-12-10,PENDIENTE,ZONA1,true
P0414,CLI-123,2025-12-10,PENDIENTE,ZONA1,true
P0415,CLI-123,2025-12-10,PENDIENTE,ZONA1,true
P0416,CLI-123,2025-12-10,PENDIENTE,ZONA1,true
P0417,CLI-123,2025-12-10,PENDIENTE,ZONA1,true
P0418,CLI-123,2025-12-10,PENDIENTE,ZONA1,true
P0419,CLI-123,2025-12-10,PENDIENTE,ZONA1,true
P0420,CLI-123,2025-12-10,PENDIENTE,ZONA1,true
P0421,CLI-123,2025-12-10,PENDIENTE,ZONA1,true
P0422,CLI-123,2025-12-10,PENDIENTE,ZONA1,true
P0423,CLI-123,2025-12-10,PENDIENTE,ZONA1,true
P0424,CLI-123,2025-12-10,PENDIENTE,ZONA1,true
P0425,CLI-123,2025-12-10,PENDIENTE,ZONA1,true
P0426,CLI-123,2025-12-10,PENDIENTE,ZONA1,true
P0427,CLI-123,2025-12-10,PENDIENTE,ZONA1,true
P0428,CLI-123,2025-12-10,PENDIENTE,ZONA1,true
P0429,CLI-123,2025-12-10,PENDIENTE,ZONA1,true
P0430,CLI-123,2025-12-10,PENDIENTE,ZONA1,true
P0431,CLI-123,2025-12-10,PENDIENTE,ZONA1,true
P0432,CLI-123,2025-12-10,PENDIENTE,ZONA1,true
P0433,CLI-123,2025-12-10,PENDIENTE,ZONA1,true
P0434,CLI-123,2025-12-10,PENDIENTE,ZONA1,true
P0435,CLI-123,2025-12-10,PENDIENTE,ZONA1,true
P0436,CLI-123,2025-12-10,PENDIENTE,ZONA1,true
P0437,CLI-123,2025-12-10,PENDIENTE,ZONA1,true
P0438,CLI-123,2025-12-10,PENDIENTE,ZONA1,true
P0439,CLI-123,2025-12-10,PENDIENTE,ZONA1,true
P0440,CLI-123,2025-12-10,PENDIENTE,ZONA1,true
P0441,CLI-123,2025-12-10,PENDIENTE,ZONA1,true
P0442,CLI-123,2025-12-10,PENDIENTE,ZONA1,true
P0443,CLI-123,2025-12-10,PENDIENTE,ZONA1,true
P0444,CLI-123,2025-12-10,PENDIENTE,ZONA1,true
P0445,CLI-123,2025-12-10,PENDIENTE,ZONA1,true
P0446,CLI-123,2025-12-10,PENDIENTE,ZONA1,true
P0447,CLI-123,2025-12-10,PENDIENTE,ZONA1,true
P0448,CLI-123,2025-12-10,PENDIENTE,ZONA1,true
P0449,CLI-123,2025-12-10,PENDIENTE,ZONA1,true
P0450,CLI-123,2025-12-10,PENDIENTE,ZONA1,true
P0451,CLI-123,2025-12-10,PENDIENTE,ZONA1,true
P0452,CLI-123,2025-12-10,PENDIENTE,ZONA1,true
P0453,CLI-123,2025-12-10,PENDIENTE,ZONA1,true
P0454,CLI-123,2025-12-10,PENDIENTE,ZONA1,true
P0455,CLI-123,2025-12-10,PENDIENTE,ZONA1,true
P0456,CLI-123,2025-12-10,PENDIENTE,ZONA1,true
P0457,CLI-123,2025-12-10,PENDIENTE,ZONA1,true
P0458,CLI-123,2025-12-10,PENDIENTE,ZONA1,true
P0459,CLI-123,2025-12-10,PENDIENTE,ZONA1,true
P0460,CLI-123,2025-12-10,PENDIENTE,ZONA1,true
P0461,CLI-123,2025-12-10,PENDIENTE,ZONA1,true
P0462,CLI-123,2025-12-10,PENDIENTE,ZONA1,true
P0463,CLI-123,2025-12-10,PENDIENTE,ZONA1,true
P0464,CLI-123,2025-12-10,PENDIENTE,ZONA1,true
P0465,CLI-123,2025-12-10,PENDIENTE,ZONA1,true
P0466,CLI-123,2025-12-10,PENDIENTE,ZONA1,true
P0467,CLI-123,2025-12-10,PENDIENTE,ZONA1,true
P0468,CLI-123,2025-12-10,PENDIENTE,ZONA1,true
P0469,CLI-123,2025-12-10,PENDIENTE,ZONA1,true
P0470,CLI-123,2025-12-10,PENDIENTE,ZONA1,true
P0471,CLI-123,2025-12-10,PENDIENTE,ZONA1,true
P0472,CLI-123,2025-12-10,PENDIENTE,ZONA1,true
P0473,CLI-123,2025-12-10,PENDIENTE,ZONA1,true
P0474,CLI-123,2025-12-10,PENDIENTE,ZONA1,true
P0475,CLI-123,2025-12-10,PENDIENTE,ZONA1,true
P0476,CLI-123,2025-12-10,PENDIENTE,ZONA1,true
P0477,CLI-123,2025-12-10,PENDIENTE,ZONA1,true
P0478,CLI-123,2025-12-10,PENDIENTE,ZONA1,true
P0479,CLI-123,2025-12-10,PENDIENTE,ZONA1,true
P0480,CLI-123,2025-12-10,PENDIENTE,ZONA1,true
P0481,CLI-123,2025-12-10,PENDIENTE,ZONA1,true
P0482,CLI-123,2025-12-10,PENDIENTE,ZONA1,true
P0483,CLI-123,2025-12-10,PENDIENTE,ZONA1,true
P0484,CLI-123,2025-12-10,PENDIENTE,ZONA1,true
P0485,CLI-123,2025-12-10,PENDIENTE,ZONA1,true
P0486,CLI-123,2025-12-10,PENDIENTE,ZONA1,true
P0487,CLI-123,2025-12-10,PENDIENTE,ZONA1,true
P0488,CLI-123,2025-12-10,PENDIENTE,ZONA1,true
P0489,CLI-123,2025-12-10,PENDIENTE,ZONA1,true
P0490,CLI-123,2025-12-10,PENDIENTE,ZONA1,true
P0491,CLI-123,2025-12-10,PENDIENTE,ZONA1,true
P0492,CLI-123,2025-12-10,PENDIENTE,ZONA1,true
P0493,CLI-123,2025-12-10,PENDIENTE,ZONA1,true
P0494,CLI-123,2025-12-10,PENDIENTE,ZONA1,true
P0495,CLI-123,2025-12-10,PENDIENTE,ZONA1,true
P0496,CLI-123,2025-12-10,PENDIENTE,ZONA1,true
P0497,CLI-123,2025-12-10,PENDIENTE,ZONA1,true
P0498,CLI-123,2025-12-10,PENDIENTE,ZONA1,true
P0499,CLI-123,2025-12-10,PENDIENTE,ZONA1,true
P0500,CLI-123,2025-12-10,PENDIENTE,ZONA1,true
P0501,CLI-123,2025-12-10,PENDIENTE,ZONA1,true
P0502,CLI-123,2025-12-10,PENDIENTE,ZONA1,true
P0503,CLI-123,2025-12-10,PENDIENTE,ZONA1,true
P0504,CLI-123,2025-12-10,PENDIENTE,ZONA1,true
P0505,CLI-123,2025-12-10,PENDIENTE,ZONA1,true
P0506,CLI-123,2025-12-10,PENDIENTE,ZONA1,true
P0507,CLI-123,2025-12-10,PENDIENTE,ZONA1,true
P0508,CLI-123,2025-12-10,PENDIENTE,ZONA1,true
P0509,CLI-123,2025-12-10,PENDIENTE,ZONA1,true
P0510,CLI-123,2025-12-10,PENDIENTE,ZONA1,true
P0511,CLI-123,2025-12-10,PENDIENTE,ZONA1,true
P0512,CLI-123,2025-12-10,PENDIENTE,ZONA1,true
P0513,CLI-123,2025-12-10,PENDIENTE,ZONA1,true
P0514,CLI-123,2025-12-10,PENDIENTE,ZONA1,true
P0515,CLI-123,2025-12-10,PENDIENTE,ZONA1,true
P0516,CLI-123,2025-12-10,PENDIENTE,ZONA1,true
P0517,CLI-123,2025-12-10,PENDIENTE,ZONA1,true
P0518,CLI-123,2025-12-10,PENDIENTE,ZONA1,true
P0519,CLI-123,2025-12-10,PENDIENTE,ZONA1,true
P0520,CLI-123,2025-12-10,PENDIENTE,ZONA1,true
P0521,CLI-123,2025-12-10,PENDIENTE,ZONA1,true
P0522,CLI-123,2025-12-10,PENDIENTE,ZONA1,true
P0523,CLI-123,2025-12-10,PENDIENTE,ZONA1,true
P0524,CLI-123,2025-12-10,PENDIENTE,ZONA1,true
P0525,CLI-123,2025-12-10,PENDIENTE,ZONA1,true
P0526,CLI-123,2025-12-10,PENDIENTE,ZONA1,true
P0527,CLI-123,2025-12-10,PENDIENTE,ZONA1,true
P0528,CLI-123,2025-12-10,PENDIENTE,ZONA1,true
P0529,CLI-123,2025-12-10,PENDIENTE,ZONA1,true
P0530,CLI-123,2025-12-10,PENDIENTE,ZONA1,true
P0531,CLI-123,2025-12-10,PENDIENTE,ZONA1,true
P0532,CLI-123,2025-12-10,PENDIENTE,ZONA1,true
P0533,CLI-123,2025-12-10,PENDIENTE,ZONA1,true
P0534,CLI-123,2025-12-10,PENDIENTE,ZONA1,true
P0535,CLI-123,2025-12-10,PENDIENTE,ZONA1,true
P0536,CLI-123,2025-12-10,PENDIENTE,ZONA1,true
P0537,CLI-123,2025-12-10,PENDIENTE,ZONA1,true
P0538,CLI-123,2025-12-10,PENDIENTE,ZONA1,true
P0539,CLI-123,2025-12-10,PENDIENTE,ZONA1,true
P0540,CLI-123,2025-12-10,PENDIENTE,ZONA1,true
P0541,CLI-123,2025-12-10,PENDIENTE,ZONA1,true
P0542,CLI-123,2025-12-10,PENDIENTE,ZONA1,true
P0543,CLI-123,2025-12-10,PENDIENTE,ZONA1,true
P0544,CLI-123,2025-12-10,PENDIENTE,ZONA1,true
P0545,CLI-123,2025-12-10,PENDIENTE,ZONA1,true
P0546,CLI-123,2025-12-10,PENDIENTE,ZONA1,true
P0547,CLI-123,2025-12-10,PENDIENTE,ZONA1,true
P0548,CLI-123,2025-12-10,PENDIENTE,ZONA1,true
P0549,CLI-123,2025-12-10,PENDIENTE,ZONA1,true
P0550,CLI-123,2025-12-10,PENDIENTE,ZONA1,true
P0551,CLI-123,2025-12-10,PENDIENTE,ZONA1,true
P0552,CLI-123,2025-12-10,PENDIENTE,ZONA1,true
P0553,CLI-123,2025-12-10,PENDIENTE,ZONA1,true
P0554,CLI-123,2025-12-10,PENDIENTE,ZONA1,true
P0555,CLI-123,2025-12-10,PENDIENTE,ZONA1,true
P0556,CLI-123,2025-12-10,PENDIENTE,ZONA1,true
P0557,CLI-123,2025-12-10,PENDIENTE,ZONA1,true
P0558,CLI-123,2025-12-10,PENDIENTE,ZONA1,true
P0559,CLI-123,2025-12-10,PENDIENTE,ZONA1,true
P0560,CLI-123,2025-12-10,PENDIENTE,ZONA1,true
P0561,CLI-123,2025-12-10,PENDIENTE,ZONA1,true
P0562,CLI-123,2025-12-10,PENDIENTE,ZONA1,true
P0563,CLI-123,2025-12-10,PENDIENTE,ZONA1,true
P0564,CLI-123,2025-12-10,PENDIENTE,ZONA1,true
P0565,CLI-123,2025-12-10,PENDIENTE,ZONA1,true
P0566,CLI-123,2025-12-10,PENDIENTE,ZONA1,true
P0567,CLI-123,2025-12-10,PENDIENTE,ZONA1,true
P0568,CLI-123,2025-12-10,PENDIENTE,ZONA1,true
P0569,CLI-123,2025-12-10,PENDIENTE,ZONA1,true
P0570,CLI-123,2025-12-10,PENDIENTE,ZONA1,true
P0571,CLI-123,2025-12-10,PENDIENTE,ZONA1,true
P0572,CLI-123,2025-12-10,PENDIENTE,ZONA1,true
P0573,CLI-123,2025-12-10,PENDIENTE,ZONA1,true
P0574,CLI-123,2025-12-10,PENDIENTE,ZONA1,true
P0575,CLI-123,2025-12-10,PENDIENTE,ZONA1,true
P0576,CLI-123,2025-12-10,PENDIENTE,ZONA1,true
P0577,CLI-123,2025-12-10,PENDIENTE,ZONA1,true
P0578,CLI-123,2025-12-10,PENDIENTE,ZONA1,true
P0579,CLI-123,2025-12-10,PENDIENTE,ZONA1,true
P0580,CLI-123,2025-12-10,PENDIENTE,ZONA1,true
P0581,CLI-123,2025-12-10,PENDIENTE,ZONA1,true
P0582,CLI-123,2025-12-10,PENDIENTE,ZONA1,true
P0583,CLI-123,2025-12-10,PENDIENTE,ZONA1,true
P0584,CLI-123,2025-12-10,PENDIENTE,ZONA1,true
P0585,CLI-123,2025-12-10,PENDIENTE,ZONA1,true
P0586,CLI-123,2025-12-10,PENDIENTE,ZONA1,true
P0587,CLI-123,2025-12-10,PENDIENTE,ZONA1,true
P0588,CLI-123,2025-12-10,PENDIENTE,ZONA1,true
P0589,CLI-123,2025-12-10,PENDIENTE,ZONA1,true
P0590,CLI-123,2025-12-10,PENDIENTE,ZONA1,true
P0591,CLI-123,2025-12-10,PENDIENTE,ZONA1,true
P0592,CLI-123,2025-12-10,PENDIENTE,ZONA1,true
P0593,CLI-123,2025-12-10,PENDIENTE,ZONA1,true
P0594,CLI-123,2025-12-10,PENDIENTE,ZONA1,true
P0595,CLI-123,2025-12-10,PENDIENTE,ZONA1,true
P0596,CLI-123,2025-12-10,PENDIENTE,ZONA1,true
P0597,CLI-123,2025-12-10,PENDIENTE,ZONA1,true
P0598,CLI-123,2025-12-10,PENDIENTE,ZONA1,true
P0599,CLI-123,2025-12-10,PENDIENTE,ZONA1,true
P0600,CLI-123,2025-12-10,PENDIENTE,ZONA1,true
P0601,CLI-123,2025-12-10,PENDIENTE,ZONA1,true
P0602,CLI-123,2025-12-10,PENDIENTE,ZONA1,true
P0603,CLI-123,2025-12-10,PENDIENTE,ZONA1,true
P0604,CLI-123,2025-12-10,PENDIENTE,ZONA1,true
P0605,CLI-123,2025-12-10,PENDIENTE,ZONA1,true
P0606,CLI-123,2025-12-10,PENDIENTE,ZONA1,true
P0607,CLI-123,2025-12-10,PENDIENTE,ZONA1,true
P0608,CLI-123,2025-12-10,PENDIENTE,ZONA1,true
P0609,CLI-123,2025-12-10,PENDIENTE,ZONA1,true
P0610,CLI-123,2025-12-10,PENDIENTE,ZONA1,true
P0611,CLI-123,2025-12-10,PENDIENTE,ZONA1,true
P0612,CLI-123,2025-12-10,PENDIENTE,ZONA1,true
P0613,CLI-123,2025-12-10,PENDIENTE,ZONA1,true
P0614,CLI-123,2025-12-10,PENDIENTE,ZONA1,true
P0615,CLI-123,2025-12-10,PENDIENTE,ZONA1,true
P0616,CLI-123,2025-12-10,PENDIENTE,ZONA1,true
P0617,CLI-123,2025-12-10,PENDIENTE,ZONA1,true
P0618,CLI-123,2025-12-10,PENDIENTE,ZONA1,true
P0619,CLI-123,2025-12-10,PENDIENTE,ZONA1,true
P0620,CLI-123,2025-12-10,PENDIENTE,ZONA1,true
P0621,CLI-123,2025-12-10,PENDIENTE,ZONA1,true
P0622,CLI-123,2025-12-10,PENDIENTE,ZONA1,true
P0623,CLI-123,2025-12-10,PENDIENTE,ZONA1,true
P0624,CLI-123,2025-12-10,PENDIENTE,ZONA1,true
P0625,CLI-123,2025-12-10,PENDIENTE,ZONA1,true
P0626,CLI-123,2025-12-10,PENDIENTE,ZONA1,true
P0627,CLI-123,2025-12-10,PENDIENTE,ZONA1,true
P0628,CLI-123,2025-12-10,PENDIENTE,ZONA1,true
P0629,CLI-123,2025-12-10,PENDIENTE,ZONA1,true
P0630,CLI-123,2025-12-10,PENDIENTE,ZONA1,true
P0631,CLI-123,2025-12-10,PENDIENTE,ZONA1,true
P0632,CLI-123,2025-12-10,PENDIENTE,ZONA1,true
P0633,CLI-123,2025-12-10,PENDIENTE,ZONA1,true
P0634,CLI-123,2025-12-10,PENDIENTE,ZONA1,true
P0635,CLI-123,2025-12-10,PENDIENTE,ZONA1,true
P0636,CLI-123,2025-12-10,PENDIENTE,ZONA1,true
P0637,CLI-123,2025-12-10,PENDIENTE,ZONA1,true
P0638,CLI-123,2025-12-10,PENDIENTE,ZONA1,true
P0639,CLI-123,2025-12-10,PENDIENTE,ZONA1,true
P0640,CLI-123,2025-12-10,PENDIENTE,ZONA1,true
P0641,CLI-123,2025-12-10,PENDIENTE,ZONA1,true
P0642,CLI-123,2025-12-10,PENDIENTE,ZONA1,true
P0643,CLI-123,2025-12-10,PENDIENTE,ZONA1,true
P0644,CLI-123,2025-12-10,PENDIENTE,ZONA1,true
P0645,CLI-123,2025-12-10,PENDIENTE,ZONA1,true
P0646,CLI-123,2025-12-10,PENDIENTE,ZONA1,true
P0647,CLI-123,2025-12-10,PENDIENTE,ZONA1,true
P0648,CLI-123,2025-12-10,PENDIENTE,ZONA1,true
P0649,CLI-123,2025-12-10,PENDIENTE,ZONA1,true
P0650,CLI-123,2025-12-10,PENDIENTE,ZONA1,true
P0651,CLI-123,2025-12-10,PENDIENTE,ZONA1,true
P0652,CLI-123,2025-12-10,PENDIENTE,ZONA1,true
P0653,CLI-123,2025-12-10,PENDIENTE,ZONA1,true
P0654,CLI-123,2025-12-10,PENDIENTE,ZONA1,true
P0655,CLI-123,2025-12-10,PENDIENTE,ZONA1,true
P0656,CLI-123,2025-12-10,PENDIENTE,ZONA1,true
P0657,CLI-123,2025-12-10,PENDIENTE,ZONA1,true
P0658,CLI-123,2025-12-10,PENDIENTE,ZONA1,true
P0659,CLI-123,2025-12-10,PENDIENTE,ZONA1,true
P0660,CLI-123,2025-12-10,PENDIENTE,ZONA1,true
P0661,CLI-123,2025-12-10,PENDIENTE,ZONA1,true
P0662,CLI-123,2025-12-10,PENDIENTE,ZONA1,true
P0663,CLI-123,2025-12-10,PENDIENTE,ZONA1,true
P0664,CLI-123,2025-12-10,PENDIENTE,ZONA1,true
P0665,CLI-123,2025-12-10,PENDIENTE,ZONA1,true
P0666,CLI-123,2025-12-10,PENDIENTE,ZONA1,true
P0667,CLI-123,2025-12-10,PENDIENTE,ZONA1,true
P0668,CLI-123,2025-12-10,PENDIENTE,ZONA1,true
P0669,CLI-123,2025-12-10,PENDIENTE,ZONA1,true
P0670,CLI-123,2025-12-10,PENDIENTE,ZONA1,true
P0671,CLI-123,2025-12-10,PENDIENTE,ZONA1,true
P0672,CLI-123,2025-12-10,PENDIENTE,ZONA1,true
P0673,CLI-123,2025-12-10,PENDIENTE,ZONA1,true
P0674,CLI-123,2025-12-10,PENDIENTE,ZONA1,true
P0675,CLI-123,2025-12-10,PENDIENTE,ZONA1,true
P0676,CLI-123,2025-12-10,PENDIENTE,ZONA1,true
P0677,CLI-123,2025-12-10,PENDIENTE,ZONA1,true
P0678,CLI-123,2025-12-10,PENDIENTE,ZONA1,true
P0679,CLI-123,2025-12-10,PENDIENTE,ZONA1,true
P0680,CLI-123,2025-12-10,PENDIENTE,ZONA1,true
P0681,CLI-123,2025-12-10,PENDIENTE,ZONA1,true
P0682,CLI-123,2025-12-10,PENDIENTE,ZONA1,true
P0683,CLI-123,2025-12-10,PENDIENTE,ZONA1,true
P0684,CLI-123,2025-12-10,PENDIENTE,ZONA1,true
P0685,CLI-123,2025-12-10,PENDIENTE,ZONA1,true
P0686,CLI-123,2025-12-10,PENDIENTE,ZONA1,true
P0687,CLI-123,2025-12-10,PENDIENTE,ZONA1,true
P0688,CLI-123,2025-12-10,PENDIENTE,ZONA1,true
P0689,CLI-123,2025-12-10,PENDIENTE,ZONA1,true
P0690,CLI-123,2025-12-10,PENDIENTE,ZONA1,true
P0691,CLI-123,2025-12-10,PENDIENTE,ZONA1,true
P0692,CLI-123,2025-12-10,PENDIENTE,ZONA1,true
P0693,CLI-123,2025-12-10,PENDIENTE,ZONA1,true
P0694,CLI-123,2025-12-10,PENDIENTE,ZONA1,true
P0695,CLI-123,2025-12-10,PENDIENTE,ZONA1,true
P0696,CLI-123,2025-12-10,PENDIENTE,ZONA1,true
P0697,CLI-123,2025-12-10,PENDIENTE,ZONA1,true
P0698,CLI-123,2025-12-10,PENDIENTE,ZONA1,true
P0699,CLI-123,2025-12-10,PENDIENTE,ZONA1,true
P0700,CLI-123,2025-12-10,PENDIENTE,ZONA1,true
P0701,CLI-123,2025-12-10,PENDIENTE,ZONA1,true
P0702,CLI-123,2025-12-10,PENDIENTE,ZONA1,true
P0703,CLI-123,2025-12-10,PENDIENTE,ZONA1,true
P0704,CLI-123,2025-12-10,PENDIENTE,ZONA1,true
P0705,CLI-123,2025-12-10,PENDIENTE,ZONA1,true
P0706,CLI-123,2025-12-10,PENDIENTE,ZONA1,true
P0707,CLI-123,2025-12-10,PENDIENTE,ZONA1,true
P0708,CLI-123,2025-12-10,PENDIENTE,ZONA1,true
P0709,CLI-123,2025-12-10,PENDIENTE,ZONA1,true
P0710,CLI-123,2025-12-10,PENDIENTE,ZONA1,true
P0711,CLI-123,2025-12-10,PENDIENTE,ZONA1,true
P0712,CLI-123,2025-12-10,PENDIENTE,ZONA1,true
P0713,CLI-123,2025-12-10,PENDIENTE,ZONA1,true
P0714,CLI-123,2025-12-10,PENDIENTE,ZONA1,true
P0715,CLI-123,2025-12-10,PENDIENTE,ZONA1,true
P0716,CLI-123,2025-12-10,PENDIENTE,ZONA1,true
P0717,CLI-123,2025-12-10,PENDIENTE,ZONA1,true
P0718,CLI-123,2025-12-10,PENDIENTE,ZONA1,true
P0719,CLI-123,2025-12-10,PENDIENTE,ZONA1,true
P0720,CLI-123,2025-12-10,PENDIENTE,ZONA1,true
P0721,CLI-123,2025-12-10,PENDIENTE,ZONA1,true
P0722,CLI-123,2025-12-10,PENDIENTE,ZONA1,true
P0723,CLI-123,2025-12-10,PENDIENTE,ZONA1,true
P0724,CLI-123,2025-12-10,PENDIENTE,ZONA1,true
P0725,CLI-123,2025-12-10,PENDIENTE,ZONA1,true
P0726,CLI-123,2025-12-10,PENDIENTE,ZONA1,true
P0727,CLI-123,2025-12-10,PENDIENTE,ZONA1,true
P0728,CLI-123,2025-12-10,PENDIENTE,ZONA1,true
P0729,CLI-123,2025-12-10,PENDIENTE,ZONA1,true
P0730,CLI-123,2025-12-10,PENDIENTE,ZONA1,true
P0731,CLI-123,2025-12-10,PENDIENTE,ZONA1,true
P0732,CLI-123,2025-12-10,PENDIENTE,ZONA1,true
P0733,CLI-123,2025-12-10,PENDIENTE,ZONA1,true
P0734,CLI-123,2025-12-10,PENDIENTE,ZONA1,true
P0735,CLI-123,2025-12-10,PENDIENTE,ZONA1,true
P0736,CLI-123,2025-12-10,PENDIENTE,ZONA1,true
P0737,CLI-123,2025-12-10,PENDIENTE,ZONA1,true
P0738,CLI-123,2025-12-10,PENDIENTE,ZONA1,true
P0739,CLI-123,2025-12-10,PENDIENTE,ZONA1,true
P0740,CLI-123,2025-12-10,PENDIENTE,ZONA1,true
P0741,CLI-123,2025-12-10,PENDIENTE,ZONA1,true
P0742,CLI-123,2025-12-10,PENDIENTE,ZONA1,true
P0743,CLI-123,2025-12-10,PENDIENTE,ZONA1,true
P0744,CLI-123,2025-12-10,PENDIENTE,ZONA1,true
P0745,CLI-123,2025-12-10,PENDIENTE,ZONA1,true
P0746,CLI-123,2025-12-10,PENDIENTE,ZONA1,true
P0747,CLI-123,2025-12-10,PENDIENTE,ZONA1,true
P0748,CLI-123,2025-12-10,PENDIENTE,ZONA1,true
P0749,CLI-123,2025-12-10,PENDIENTE,ZONA1,true
P0750,CLI-123,2025-12-10,PENDIENTE,ZONA1,true
P0751,CLI-123,2025-12-10,PENDIENTE,ZONA1,true
P0752,CLI-123,2025-12-10,PENDIENTE,ZONA1,true
P0753,CLI-123,2025-12-10,PENDIENTE,ZONA1,true
P0754,CLI-123,2025-12-10,PENDIENTE,ZONA1,true
P0755,CLI-123,2025-12-10,PENDIENTE,ZONA1,true
P0756,CLI-123,2025-12-10,PENDIENTE,ZONA1,true
P0757,CLI-123,2025-12-10,PENDIENTE,ZONA1,true
P0758,CLI-123,2025-12-10,PENDIENTE,ZONA1,true
P0759,CLI-123,2025-12-10,PENDIENTE,ZONA1,true
P0760,CLI-123,2025-12-10,PENDIENTE,ZONA1,true
P0761,CLI-123,2025-12-10,PENDIENTE,ZONA1,true
P0762,CLI-123,2025-12-10,PENDIENTE,ZONA1,true
P0763,CLI-123,2025-12-10,PENDIENTE,ZONA1,true
P0764,CLI-123,2025-12-10,PENDIENTE,ZONA1,true
P0765,CLI-123,2025-12-10,PENDIENTE,ZONA1,true
P0766,CLI-123,2025-12-10,PENDIENTE,ZONA1,true
P0767,CLI-123,2025-12-10,PENDIENTE,ZONA1,true
P0768,CLI-123,2025-12-10,PENDIENTE,ZONA1,true
P0769,CLI-123,2025-12-10,PENDIENTE,ZONA1,true
P0770,CLI-123,2025-12-10,PENDIENTE,ZONA1,true
P0771,CLI-123,2025-12-10,PENDIENTE,ZONA1,true
P0772,CLI-123,2025-12-10,PENDIENTE,ZONA1,true
P0773,CLI-123,2025-12-10,PENDIENTE,ZONA1,true
P0774,CLI-123,2025-12-10,PENDIENTE,ZONA1,true
P0775,CLI-123,2025-12-10,PENDIENTE,ZONA1,true
P0776,CLI-123,2025-12-10,PENDIENTE,ZONA1,true
P0777,CLI-123,2025-12-10,PENDIENTE,ZONA1,true
P0778,CLI-123,2025-12-10,PENDIENTE,ZONA1,true
P0779,CLI-123,2025-12-10,PENDIENTE,ZONA1,true
P0780,CLI-123,2025-12-10,PENDIENTE,ZONA1,true
P0781,CLI-123,2025-12-10,PENDIENTE,ZONA1,true
P0782,CLI-123,2025-12-10,PENDIENTE,ZONA1,true
P0783,CLI-123,2025-12-10,PENDIENTE,ZONA1,true
P0784,CLI-123,2025-12-10,PENDIENTE,ZONA1,true
P0785,CLI-123,2025-12-10,PENDIENTE,ZONA1,true
P0786,CLI-123,2025-12-10,PENDIENTE,ZONA1,true
P0787,CLI-123,2025-12-10,PENDIENTE,ZONA1,true
P0788,CLI-123,2025-12-10,PENDIENTE,ZONA1,true
P0789,CLI-123,2025-12-10,PENDIENTE,ZONA1,true
P0790,CLI-123,2025-12-10,PENDIENTE,ZONA1,true
P0791,CLI-123,2025-12-10,PENDIENTE,ZONA1,true
P0792,CLI-123,2025-12-10,PENDIENTE,ZONA1,true
P0793,CLI-123,2025-12-10,PENDIENTE,ZONA1,true
P0794,CLI-123,2025-12-10,PENDIENTE,ZONA1,true
P0795,CLI-123,2025-12-10,PENDIENTE,ZONA1,true
P0796,CLI-123,2025-12-10,PENDIENTE,ZONA1,true
P0797,CLI-123,2025-12-10,PENDIENTE,ZONA1,true
P0798,CLI-123,2025-12-10,PENDIENTE,ZONA1,true
P0799,CLI-123,2025-12-10,PENDIENTE,ZONA1,true
P0800,CLI-123,2025-12-10,PENDIENTE,ZONA1,true
P0801,CLI-123,2025-12-10,PENDIENTE,ZONA1,true
P0802,CLI-123,2025-12-10,PENDIENTE,ZONA1,true
P0803,CLI-123,2025-12-10,PENDIENTE,ZONA1,true
P0804,CLI-123,2025-12-10,PENDIENTE,ZONA1,true
P0805,CLI-123,2025-12-10,PENDIENTE,ZONA1,true
P0806,CLI-123,2025-12-10,PENDIENTE,ZONA1,true
P0807,CLI-123,2025-12-10,PENDIENTE,ZONA1,true
P0808,CLI-123,2025-12-10,PENDIENTE,ZONA1,true
P0809,CLI-123,2025-12-10,PENDIENTE,ZONA1,true
P0810,CLI-123,2025-12-10,PENDIENTE,ZONA1,true
P0811,CLI-123,2025-12-10,PENDIENTE,ZONA1,true
P0812,CLI-123,2025-12-10,PENDIENTE,ZONA1,true
P0813,CLI-123,2025-12-10,PENDIENTE,ZONA1,true
P0814,CLI-123,2025-12-10,PENDIENTE,ZONA1,true
P0815,CLI-123,2025-12-10,PENDIENTE,ZONA1,true
P0816,CLI-123,2025-12-10,PENDIENTE,ZONA1,true
P0817,CLI-123,2025-12-10,PENDIENTE,ZONA1,true
P0818,CLI-123,2025-12-10,PENDIENTE,ZONA1,true
P0819,CLI-123,2025-12-10,PENDIENTE,ZONA1,true
P0820,CLI-123,2025-12-10,PENDIENTE,ZONA1,true
P0821,CLI-123,2025-12-10,PENDIENTE,ZONA1,true
P0822,CLI-123,2025-12-10,PENDIENTE,ZONA1,true
P0823,CLI-123,2025-12-10,PENDIENTE,ZONA1,true
P0824,CLI-123,2025-12-10,PENDIENTE,ZONA1,true
P0825,CLI-123,2025-12-10,PENDIENTE,ZONA1,true
P0826,CLI-123,2025-12-10,PENDIENTE,ZONA1,true
P0827,CLI-123,2025-12-10,PENDIENTE,ZONA1,true
P0828,CLI-123,2025-12-10,PENDIENTE,ZONA1,true
P0829,CLI-123,2025-12-10,PENDIENTE,ZONA1,true
P0830,CLI-123,2025-12-10,PENDIENTE,ZONA1,true
P0831,CLI-123,2025-12-10,PENDIENTE,ZONA1,true
P0832,CLI-123,2025-12-10,PENDIENTE,ZONA1,true
P0833,CLI-123,2025-12-10,PENDIENTE,ZONA1,true
P0834,CLI-123,2025-12-10,PENDIENTE,ZONA1,true
P0835,CLI-123,2025-12-10,PENDIENTE,ZONA1,true
P0836,CLI-123,2025-12-10,PENDIENTE,ZONA1,true
P0837,CLI-123,2025-12-10,PENDIENTE,ZONA1,true
P0838,CLI-123,2025-12-10,PENDIENTE,ZONA1,true
P0839,CLI-123,2025-12-10,PENDIENTE,ZONA1,true
P0840,CLI-123,2025-12-10,PENDIENTE,ZONA1,true
P0841,CLI-123,2025-12-10,PENDIENTE,ZONA1,true
P0842,CLI-123,2025-12-10,PENDIENTE,ZONA1,true
P0843,CLI-123,2025-12-10,PENDIENTE,ZONA1,true
P0844,CLI-123,2025-12-10,PENDIENTE,ZONA1,true
P0845,CLI-123,2025-12-10,PENDIENTE,ZONA1,true
P0846,CLI-123,2025-12-10,PENDIENTE,ZONA1,true
P0847,CLI-123,2025-12-10,PENDIENTE,ZONA1,true
P0848,CLI-123,2025-12-10,PENDIENTE,ZONA1,true
P0849,CLI-123,2025-12-10,PENDIENTE,ZONA1,true
P0850,CLI-123,2025-12-10,PENDIENTE,ZONA1,true
P0851,CLI-123,2025-12-10,PENDIENTE,ZONA1,true
P0852,CLI-123,2025-12-10,PENDIENTE,ZONA1,true
P0853,CLI-123,2025-12-10,PENDIENTE,ZONA1,true
P0854,CLI-123,2025-12-10,PENDIENTE,ZONA1,true
P0855,CLI-123,2025-12-10,PENDIENTE,ZONA1,true
P0856,CLI-123,2025-12-10,PENDIENTE,ZONA1,true
P0857,CLI-123,2025-12-10,PENDIENTE,ZONA1,true
P0858,CLI-123,2025-12-10,PENDIENTE,ZONA1,true
P0859,CLI-123,2025-12-10,PENDIENTE,ZONA1,true
P0860,CLI-123,2025-12-10,PENDIENTE,ZONA1,true
P0861,CLI-123,2025-12-10,PENDIENTE,ZONA1,true
P0862,CLI-123,2025-12-10,PENDIENTE,ZONA1,true
P0863,CLI-123,2025-12-10,PENDIENTE,ZONA1,true
P0864,CLI-123,2025-12-10,PENDIENTE,ZONA1,true
P0865,CLI-123,2025-12-10,PENDIENTE,ZONA1,true
P0866,CLI-123,2025-12-10,PENDIENTE,ZONA1,true
P0867,CLI-123,2025-12-10,PENDIENTE,ZONA1,true
P0868,CLI-123,2025-12-10,PENDIENTE,ZONA1,true
P0869,CLI-123,2025-12-10,PENDIENTE,ZONA1,true
P0870,CLI-123,2025-12-10,PENDIENTE,ZONA1,true
P0871,CLI-123,2025-12-10,PENDIENTE,ZONA1,true
P0872,CLI-123,2025-12-10,PENDIENTE,ZONA1,true
P0873,CLI-123,2025-12-10,PENDIENTE,ZONA1,true
P0874,CLI-123,2025-12-10,PENDIENTE,ZONA1,true
P0875,CLI-123,2025-12-10,PENDIENTE,ZONA1,true
P0876,CLI-123,2025-12-10,PENDIENTE,ZONA1,true
P0877,CLI-123,2025-12-10,PENDIENTE,ZONA1,true
P0878,CLI-123,2025-12-10,PENDIENTE,ZONA1,true
P0879,CLI-123,2025-12-10,PENDIENTE,ZONA1,true
P0880,CLI-123,2025-12-10,PENDIENTE,ZONA1,true
P0881,CLI-123,2025-12-10,PENDIENTE,ZONA1,true
P0882,CLI-123,2025-12-10,PENDIENTE,ZONA1,true
P0883,CLI-123,2025-12-10,PENDIENTE,ZONA1,true
P0884,CLI-123,2025-12-10,PENDIENTE,ZONA1,true
P0885,CLI-123,2025-12-10,PENDIENTE,ZONA1,true
P0886,CLI-123,2025-12-10,PENDIENTE,ZONA1,true
P0887,CLI-123,2025-12-10,PENDIENTE,ZONA1,true
P0888,CLI-123,2025-12-10,PENDIENTE,ZONA1,true
P0889,CLI-123,2025-12-10,PENDIENTE,ZONA1,true
P0890,CLI-123,2025-12-10,PENDIENTE,ZONA1,true
P0891,CLI-123,2025-12-10,PENDIENTE,ZONA1,true
P0892,CLI-123,2025-12-10,PENDIENTE,ZONA1,true
P0893,CLI-123,2025-12-10,PENDIENTE,ZONA1,true
P0894,CLI-123,2025-12-10,PENDIENTE,ZONA1,true
P0895,CLI-123,2025-12-10,PENDIENTE,ZONA1,true
P0896,CLI-123,2025-12-10,PENDIENTE,ZONA1,true
P0897,CLI-123,2025-12-10,PENDIENTE,ZONA1,true
P0898,CLI-123,2025-12-10,PENDIENTE,ZONA1,true
P0899,CLI-123,2025-12-10,PENDIENTE,ZONA1,true
P0900,CLI-123,2025-12-10,PENDIENTE,ZONA1,true
P0901,CLI-123,2025-12-10,PENDIENTE,ZONA1,true
P0902,CLI-123,2025-12-10,PENDIENTE,ZONA1,true
P0903,CLI-123,2025-12-10,PENDIENTE,ZONA1,true
P0904,CLI-123,2025-12-10,PENDIENTE,ZONA1,true
P0905,CLI-123,2025-12-10,PENDIENTE,ZONA1,true
P0906,CLI-123,2025-12-10,PENDIENTE,ZONA1,true
P0907,CLI-123,2025-12-10,PENDIENTE,ZONA1,true
P0908,CLI-123,2025-12-10,PENDIENTE,ZONA1,true
P0909,CLI-123,2025-12-10,PENDIENTE,ZONA1,true
P0910,CLI-123,2025-12-10,PENDIENTE,ZONA1,true
P0911,CLI-123,2025-12-10,PENDIENTE,ZONA1,true
P0912,CLI-123,2025-12-10,PENDIENTE,ZONA1,true
P0913,CLI-123,2025-12-10,PENDIENTE,ZONA1,true
P0914,CLI-123,2025-12-10,PENDIENTE,ZONA1,true
P0915,CLI-123,2025-12-10,PENDIENTE,ZONA1,true
P0916,CLI-123,2025-12-10,PENDIENTE,ZONA1,true
P0917,CLI-123,2025-12-10,PENDIENTE,ZONA1,true
P0918,CLI-123,2025-12-10,PENDIENTE,ZONA1,true
P0919,CLI-123,2025-12-10,PENDIENTE,ZONA1,true
P0920,CLI-123,2025-12-10,PENDIENTE,ZONA1,true
P0921,CLI-123,2025-12-10,PENDIENTE,ZONA1,true
P0922,CLI-123,2025-12-10,PENDIENTE,ZONA1,true
P0923,CLI-123,2025-12-10,PENDIENTE,ZONA1,true
P0924,CLI-123,2025-12-10,PENDIENTE,ZONA1,true
P0925,CLI-123,2025-12-10,PENDIENTE,ZONA1,true
P0926,CLI-123,2025-12-10,PENDIENTE,ZONA1,true
P0927,CLI-123,2025-12-10,PENDIENTE,ZONA1,true
P0928,CLI-123,2025-12-10,PENDIENTE,ZONA1,true
P0929,CLI-123,2025-12-10,PENDIENTE,ZONA1,true
P0930,CLI-123,2025-12-10,PENDIENTE,ZONA1,true
P0931,CLI-123,2025-12-10,PENDIENTE,ZONA1,true
P0932,CLI-123,2025-12-10,PENDIENTE,ZONA1,true
P0933,CLI-123,2025-12-10,PENDIENTE,ZONA1,true
P0934,CLI-123,2025-12-10,PENDIENTE,ZONA1,true
P0935,CLI-123,2025-12-10,PENDIENTE,ZONA1,true
P0936,CLI-123,2025-12-10,PENDIENTE,ZONA1,true
P0937,CLI-123,2025-12-10,PENDIENTE,ZONA1,true
P0938,CLI-123,2025-12-10,PENDIENTE,ZONA1,true
P0939,CLI-123,2025-12-10,PENDIENTE,ZONA1,true
P0940,CLI-123,2025-12-10,PENDIENTE,ZONA1,true
P0941,CLI-123,2025-12-10,PENDIENTE,ZONA1,true
P0942,CLI-123,2025-12-10,PENDIENTE,ZONA1,true
P0943,CLI-123,2025-12-10,PENDIENTE,ZONA1,true
P0944,CLI-123,2025-12-10,PENDIENTE,ZONA1,true
P0945,CLI-123,2025-12-10,PENDIENTE,ZONA1,true
P0946,CLI-123,2025-12-10,PENDIENTE,ZONA1,true
P0947,CLI-123,2025-12-10,PENDIENTE,ZONA1,true
P0948,CLI-123,2025-12-10,PENDIENTE,ZONA1,true
P0949,CLI-123,2025-12-10,PENDIENTE,ZONA1,true
P0950,CLI-123,2025-12-10,PENDIENTE,ZONA1,true
P0951,CLI-123,2025-12-10,PENDIENTE,ZONA1,true
P0952,CLI-123,2025-12-10,PENDIENTE,ZONA1,true
P0953,CLI-123,2025-12-10,PENDIENTE,ZONA1,true
P0954,CLI-123,2025-12-10,PENDIENTE,ZONA1,true
P0955,CLI-123,2025-12-10,PENDIENTE,ZONA1,true
P0956,CLI-123,2025-12-10,PENDIENTE,ZONA1,true
P0957,CLI-123,2025-12-10,PENDIENTE,ZONA1,true
P0958,CLI-123,2025-12-10,PENDIENTE,ZONA1,true
P0959,CLI-123,2025-12-10,PENDIENTE,ZONA1,true
P0960,CLI-123,2025-12-10,PENDIENTE,ZONA1,true
P0961,CLI-123,2025-12-10,PENDIENTE,ZONA1,true
P0962,CLI-123,2025-12-10,PENDIENTE,ZONA1,true
P0963,CLI-123,2025-12-10,PENDIENTE,ZONA1,true
P0964,CLI-123,2025-12-10,PENDIENTE,ZONA1,true
P0965,CLI-123,2025-12-10,PENDIENTE,ZONA1,true
P0966,CLI-123,2025-12-10,PENDIENTE,ZONA1,true
P0967,CLI-123,2025-12-10,PENDIENTE,ZONA1,true
P0968,CLI-123,2025-12-10,PENDIENTE,ZONA1,true
P0969,CLI-123,2025-12-10,PENDIENTE,ZONA1,true
P0970,CLI-123,2025-12-10,PENDIENTE,ZONA1,true
P0971,CLI-123,2025-12-10,PENDIENTE,ZONA1,true
P0972,CLI-123,2025-12-10,PENDIENTE,ZONA1,true
P0973,CLI-123,2025-12-10,PENDIENTE,ZONA1,true
P0974,CLI-123,2025-12-10,PENDIENTE,ZONA1,true
P0975,CLI-123,2025-12-10,PENDIENTE,ZONA1,true
P0976,CLI-123,2025-12-10,PENDIENTE,ZONA1,true
P0977,CLI-123,2025-12-10,PENDIENTE,ZONA1,true
P0978,CLI-123,2025-12-10,PENDIENTE,ZONA1,true
P0979,CLI-123,2025-12-10,PENDIENTE,ZONA1,true
P0980,CLI-123,2025-12-10,PENDIENTE,ZONA1,true
P0981,CLI-123,2025-12-10,PENDIENTE,ZONA1,true
P0982,CLI-123,2025-12-10,PENDIENTE,ZONA1,true
P0983,CLI-123,2025-12-10,PENDIENTE,ZONA1,true
P0984,CLI-123,2025-12-10,PENDIENTE,ZONA1,true
P0985,CLI-123,2025-12-10,PENDIENTE,ZONA1,true
P0986,CLI-123,2025-12-10,PENDIENTE,ZONA1,true
P0987,CLI-123,2025-12-10,PENDIENTE,ZONA1,true
P0988,CLI-123,2025-12-10,PENDIENTE,ZONA1,true
P0989,CLI-123,2025-12-10,PENDIENTE,ZONA1,true
P0990,CLI-123,2025-12-10,PENDIENTE,ZONA1,true
P0991,CLI-123,2025-12-10,PENDIENTE,ZONA1,true
P0992,CLI-123,2025-12-10,PENDIENTE,ZONA1,true
P0993,CLI-123,2025-12-10,PENDIENTE,ZONA1,true
P0994,CLI-123,2025-12-10,PENDIENTE,ZONA1,true
P0995,CLI-123,2025-12-10,PENDIENTE,ZONA1,true
P0996,CLI-123,2025-12-10,PENDIENTE,ZONA1,true
P0997,CLI-123,2025-12-10,PENDIENTE,ZONA1,true
P0998,CLI-123,2025-12-10,PENDIENTE,ZONA1,true
P0999,CLI-123,2025-12-10,PENDIENTE,ZONA1,true
P1000,CLI-123,2025-12-10,PENDIENTE,ZONA1,true
